mutation	branch	ref	alt	pos	csqn_type
T6163A		T	A	6163	missense_variant
C12923A		C	A	12923	missense_variant
C13430T		C	T	13430	missense_variant
C19366T		C	T	19366	missense_variant
T28110C		T	C	28110	missense_variant
C8782T		C	T	8782	synonymous_variant
T28144C		T	C	28144	missense_variant
C26088T		C	T	26088	synonymous_variant
T27801C		T	C	27801	missense_variant
T9477A		T	A	9477	missense_variant
C14805T		C	T	14805	synonymous_variant
C21304A		C	A	21304	missense_variant
G25979T		G	T	25979	missense_variant
C28657T		C	T	28657	synonymous_variant
C28863T		C	T	28863	missense_variant
G1397A		G	A	1397	missense_variant
T28688C		T	C	28688	synonymous_variant
G29742T		G	T	29742	downstream_gene_variant
G14653A		G	A	14653	missense_variant
C18252T		C	T	18252	synonymous_variant
C884T		C	T	884	missense_variant
G8653T		G	T	8653	missense_variant
C12459T		C	T	12459	missense_variant
G17019T		G	T	17019	missense_variant
C26060T		C	T	26060	missense_variant
G28913T		G	T	28913	missense_variant
C14805T		C	T	14805	synonymous_variant
G1508A		G	A	1508	missense_variant
T14832C		T	C	14832	synonymous_variant
C23707T		C	T	23707	synonymous_variant
T17247C		T	C	17247	synonymous_variant
G443A		G	A	443	missense_variant
T1570C		T	C	1570	synonymous_variant
G14656T		G	T	14656	missense_variant
T21739C		T	C	21739	synonymous_variant
C21846T		C	T	21846	missense_variant
G22180A		G	A	22180	synonymous_variant
A610G		A	G	610	synonymous_variant
G18985T		G	T	18985	missense_variant
G29543T		G	T	29543	upstream_gene_variant
T514C		T	C	514	synonymous_variant
C5512T		C	T	5512	synonymous_variant
G19999T		G	T	19999	missense_variant
C29144T		C	T	29144	synonymous_variant
G26109T		G	T	26109	missense_variant
C17410T		C	T	17410	missense_variant
C27881T		C	T	27881	synonymous_variant
C884A		C	A	884	missense_variant
G1880A		G	A	1880	missense_variant
G25654A		G	A	25654	missense_variant
G28048T		G	T	28048	missense_variant
G1440A		G	A	1440	missense_variant
G2891A		G	A	2891	missense_variant
C4655T		C	T	4655	missense_variant
C6573T		C	T	6573	missense_variant
G8422A		G	A	8422	missense_variant
C22323T		C	T	22323	missense_variant
C29546A		C	A	29546	upstream_gene_variant
G11842T		G	T	11842	missense_variant
A22991G		A	G	22991	missense_variant
T25304C		T	C	25304	missense_variant
A23767T		A	T	23767	synonymous_variant
G7675A		G	A	7675	synonymous_variant
C7011T		C	T	7011	missense_variant
C9693T		C	T	9693	missense_variant
G25593C		G	C	25593	missense_variant
C17733T		C	T	17733	synonymous_variant
C23380T		C	T	23380	synonymous_variant
C7164T		C	T	7164	missense_variant
C241T		C	T	241	upstream_gene_variant
C14408T		C	T	14408	missense_variant
A23403G		A	G	23403	missense_variant
T3466C		T	C	3466	synonymous_variant
C6781T		C	T	6781	synonymous_variant
C13862T		C	T	13862	missense_variant
C15352T		C	T	15352	missense_variant
C28836T		C	T	28836	missense_variant
G29229A		G	A	29229	missense_variant
T6469C		T	C	6469	synonymous_variant
A21062G		A	G	21062	missense_variant
C27881T		C	T	27881	synonymous_variant
A2775G		A	G	2775	missense_variant
C16017T		C	T	16017	synonymous_variant
T16515C		T	C	16515	synonymous_variant
C15277T		C	T	15277	missense_variant
A16734G		A	G	16734	synonymous_variant
G1440A		G	A	1440	missense_variant
A3600G		A	G	3600	missense_variant
A6281T		A	T	6281	missense_variant
C7011T		C	T	7011	missense_variant
A14691G		A	G	14691	synonymous_variant
C21017T		C	T	21017	missense_variant
A23558G		A	G	23558	missense_variant
G26754T		G	T	26754	missense_variant
C21396T		C	T	21396	synonymous_variant
A22259G		A	G	22259	missense_variant
A20268G		A	G	20268	synonymous_variant
C2003T		C	T	2003	missense_variant
C27092T		C	T	27092	synonymous_variant
G28851T		G	T	28851	missense_variant
G29734C		G	C	29734	downstream_gene_variant
G3514T		G	T	3514	missense_variant
C10582T		C	T	10582	synonymous_variant
C29304T		C	T	29304	missense_variant
C6145T		C	T	6145	synonymous_variant
G23477A		G	A	23477	missense_variant
G6446A		G	A	6446	missense_variant
A1140C		A	C	1140	missense_variant
A19652G		A	G	19652	missense_variant
C14757T		C	T	14757	synonymous_variant
A24862G		A	G	24862	synonymous_variant
G3250T		G	T	3250	missense_variant
C28657T		C	T	28657	synonymous_variant
G10870T		G	T	10870	synonymous_variant
C18452T		C	T	18452	missense_variant
T12436C		T	C	12436	synonymous_variant
C28629T		C	T	28629	missense_variant
T658C		T	C	658	synonymous_variant
C5654T		C	T	5654	synonymous_variant
A18010G		A	G	18010	missense_variant
G25906T		G	T	25906	missense_variant
T22119C		T	C	22119	missense_variant
G24077T		G	T	24077	missense_variant
G4201T		G	T	4201	missense_variant
C26527T		C	T	26527	missense_variant
A26530G		A	G	26530	missense_variant
C1884T		C	T	1884	missense_variant
T16656A		T	A	16656	synonymous_variant
G18859T		G	T	18859	missense_variant
G4255T		G	T	4255	synonymous_variant
T12034C		T	C	12034	synonymous_variant
C23802T		C	T	23802	missense_variant
G10688T		G	T	10688	missense_variant
G28122T		G	T	28122	missense_variant
G3994T		G	T	3994	synonymous_variant
C27813T		C	T	27813	missense_variant
C24715T		C	T	24715	synonymous_variant
C27630T		C	T	27630	synonymous_variant
C3264T		C	T	3264	missense_variant
C1594T		C	T	1594	synonymous_variant
C11109T		C	T	11109	missense_variant
C26750T		C	T	26750	synonymous_variant
C1457T		C	T	1457	missense_variant
C29743T		C	T	29743	downstream_gene_variant
C9491T		C	T	9491	missense_variant
G21987T		G	T	21987	missense_variant
C18877T		C	T	18877	synonymous_variant
G24197T		G	T	24197	missense_variant
C26735T		C	T	26735	synonymous_variant
C4455T		C	T	4455	missense_variant
A10842C		A	C	10842	missense_variant
C14053T		C	T	14053	synonymous_variant
C7113T		C	T	7113	missense_variant
G15957T		G	T	15957	synonymous_variant
C1426T		C	T	1426	synonymous_variant
T29619A		T	A	29619	missense_variant
A8533G		A	G	8533	synonymous_variant
C19961T		C	T	19961	missense_variant
G29783T		G	T	29783	downstream_gene_variant
C25509T		C	T	25509	synonymous_variant
G28851T		G	T	28851	missense_variant
G29315T		G	T	29315	missense_variant
A761G		A	G	761	missense_variant
A6825C		A	C	6825	missense_variant
C17750T		C	T	17750	missense_variant
C20941T		C	T	20941	missense_variant
C29284T		C	T	29284	synonymous_variant
A3116G		A	G	3116	missense_variant
C28253T		C	T	28253	synonymous_variant
A27023G		A	G	27023	synonymous_variant
C14117T		C	T	14117	missense_variant
G20419T		G	T	20419	missense_variant
G20709T		G	T	20709	missense_variant
C6843T		C	T	6843	missense_variant
G21204T		G	T	21204	missense_variant
G29511T		G	T	29511	missense_variant
G29422T		G	T	29422	synonymous_variant
C3261A		C	A	3261	missense_variant
C12525T		C	T	12525	missense_variant
A11768T		A	T	11768	missense_variant
G15380T		G	T	15380	missense_variant
G9190T		G	T	9190	synonymous_variant
C1263T		C	T	1263	missense_variant
G20176A		G	A	20176	missense_variant
C16750T		C	T	16750	missense_variant
G18255T		G	T	18255	missense_variant
C15026T		C	T	15026	missense_variant
T25414C		T	C	25414	missense_variant
C4993T		C	T	4993	synonymous_variant
A27020G		A	G	27020	synonymous_variant
G17325T		G	T	17325	missense_variant
G14653T		G	T	14653	missense_variant
C14805T		C	T	14805	synonymous_variant
A28169G		A	G	28169	synonymous_variant
C5512T		C	T	5512	synonymous_variant
G28881A		G	A	28881	missense_variant
G28882A		G	A	28882	synonymous_variant
G28883C		G	C	28883	missense_variant
C7728T		C	T	7728	missense_variant
C27881T		C	T	27881	synonymous_variant
T3399G		T	G	3399	missense_variant
C5183T		C	T	5183	missense_variant
C16726T		C	T	16726	missense_variant
T27900C		T	C	27900	missense_variant
C3373A		C	A	3373	missense_variant
G11516A		G	A	11516	missense_variant
G25269T		G	T	25269	missense_variant
T29772C		T	C	29772	downstream_gene_variant
A11839G		A	G	11839	synonymous_variant
C16575T		C	T	16575	synonymous_variant
T19839C		T	C	19839	synonymous_variant
C8293T		C	T	8293	synonymous_variant
C29144T		C	T	29144	synonymous_variant
C4002T		C	T	4002	missense_variant
G10097A		G	A	10097	missense_variant
C13536T		C	T	13536	synonymous_variant
C23731T		C	T	23731	synonymous_variant
C19718T		C	T	19718	missense_variant
C22323T		C	T	22323	missense_variant
C17747T		C	T	17747	missense_variant
G27461C		G	C	27461	missense_variant
A8072G		A	G	8072	missense_variant
G3563A		G	A	3563	missense_variant
C29296T		C	T	29296	synonymous_variant
C18526T		C	T	18526	missense_variant
G29540T		G	T	29540	upstream_gene_variant
C8655T		C	T	8655	missense_variant
T10033C		T	C	10033	synonymous_variant
G19429T		G	T	19429	missense_variant
G23608T		G	T	23608	synonymous_variant
T19839C		T	C	19839	synonymous_variant
G9844T		G	T	9844	missense_variant
T18499A		T	A	18499	missense_variant
C27393T		C	T	27393	upstream_gene_variant
C24099T		C	T	24099	missense_variant
C27046T		C	T	27046	missense_variant
C9665T		C	T	9665	missense_variant
G11464A		G	A	11464	missense_variant
G13982T		G	T	13982	missense_variant
C9165T		C	T	9165	missense_variant
A10874G		A	G	10874	missense_variant
C1594T		C	T	1594	synonymous_variant
C6336T		C	T	6336	missense_variant
C8318A		C	A	8318	missense_variant
C9857T		C	T	9857	synonymous_variant
A2000C		A	C	2000	synonymous_variant
C1387T		C	T	1387	synonymous_variant
C24621T		C	T	24621	missense_variant
C4068T		C	T	4068	missense_variant
G10610T		G	T	10610	missense_variant
C2509T		C	T	2509	synonymous_variant
C22450T		C	T	22450	synonymous_variant
C11412T		C	T	11412	missense_variant
T13258C		T	C	13258	synonymous_variant
C11345T		C	T	11345	missense_variant
G25526T		G	T	25526	missense_variant
G22225T		G	T	22225	synonymous_variant
C23758T		C	T	23758	synonymous_variant
C24642T		C	T	24642	missense_variant
C12073T		C	T	12073	synonymous_variant
G4510T		G	T	4510	synonymous_variant
G28395T		G	T	28395	missense_variant
C1567T		C	T	1567	synonymous_variant
G12832A		G	A	12832	synonymous_variant
G2809T		G	T	2809	missense_variant
C21846T		C	T	21846	missense_variant
C10039T		C	T	10039	synonymous_variant
G24102C		G	C	24102	missense_variant
C26894T		C	T	26894	synonymous_variant
C20457T		C	T	20457	synonymous_variant
C19255T		C	T	19255	synonymous_variant
G9526T		G	T	9526	missense_variant
G24770T		G	T	24770	missense_variant
