POS	REF	ALT	FULL_MUT
98	T	C	TTT_C
542	A	G	TAA_G
624	T	C	CTG_C
1514	T	C	GTG_C
2009	C	T	ACA_T
2040	A	G	GAT_G
2169	C	A	CCC_A
2318	T	C	TTG_C
2456	T	A	ATT_A
2461	G	T	AGG_T
3134	T	C	CTG_C
3277	T	C	ATT_C
3320	C	T	CCT_T
3441	T	C	GTT_C
3487	A	C	GAC_C
3559	G	A	AGG_A
4034	A	G	GAA_G
4388	T	G	TTA_G
4847	T	C	ATC_C
4995	A	G	TAG_G
4996	A	G	GAT_G
5427	A	T	AAA_T
5516	G	A	CGT_A
6059	C	T	ACA_T
6293	C	T	ACC_T
6332	T	C	ATT_C
6619	T	C	GTA_C
6707	T	C	CTG_C
8207	T	C	GTA_C
8258	T	C	GTA_C
8333	T	C	GTT_C
8546	C	T	ACT_T
8617	T	C	GTC_C
9516	G	A	TGC_A
10505	T	C	TTG_C
10835	T	G	TTA_G
10982	C	T	TCC_T
11492	T	C	TTA_C
11534	G	A	CGC_A
11984	C	T	CCC_T
12425	T	C	TTC_C
12684	T	C	TTA_C
12707	A	G	CAG_G
12845	T	C	TTG_C
13022	T	C	CTC_C
13678	T	C	ATT_C
14992	C	T	TCT_T
15196	T	C	ATG_C
16804	C	T	TCT_T
17752	T	C	ATA_C
17771	G	T	GGT_T
17794	T	C	CTC_C
18079	C	T	ACT_T
18415	C	A	CCG_A
19075	A	G	GAA_G
19940	G	T	TGT_T
20182	G	T	TGC_T
20848	A	C	CAC_C
22790	T	C	ATT_C
25046	C	T	TCC_T
25208	T	C	CTT_C
25530	C	T	TCA_T
25570	C	T	TCC_T
25596	T	C	TTT_C
25761	G	T	CGG_T
25899	T	C	ATC_C
25923	T	C	ATT_C
26223	C	A	CCG_A
26716	T	C	ATC_C
26806	C	T	ACC_T
27277	C	A	TCT_A
28634	G	A	TGC_A
28772	C	T	CCC_T
29097	G	T	CGA_T
23648	T	C	TTG_C
23756	T	C	CTT_C
24191	C	T	GCT_T
24251	C	T	ACA_T
24514	A	G	CAA_G
101	T	C	TTC_C
341	C	A	ACC_A
806	G	T	CGA_T
10486	A	G	GAG_G
12866	T	C	CTG_C
15757	T	C	TTA_C
18526	C	T	ACA_T
19598	G	T	TGT_T
22981	A	G	GAG_G
25926	C	T	TCC_T
27092	C	T	ACA_T
75	A	T	TAA_T
3276	A	G	GAT_G
8518	C	T	GCT_T
9395	G	A	CGT_A
10874	C	T	CCT_T
11492	T	C	TTA_C
11534	G	A	CGC_A
17788	T	C	GTT_C
18475	G	A	CGG_A
19075	A	G	GAA_G
19418	G	A	AGT_A
21569	T	C	CTT_C
22895	T	C	TTT_C
23406	T	C	TTG_C
23714	T	G	TTC_G
25052	C	T	CCT_T
25597	C	T	CCC_T
26167	C	T	GCA_T
127	T	C	ATA_C
132	T	C	TTG_C
624	T	C	CTG_C
750	T	G	ATC_G
1232	C	T	TCA_T
1265	C	T	ACT_T
2477	C	G	GCG_G
2480	C	T	GCG_T
2484	G	A	GGG_A
3803	T	C	ATT_C
5103	T	C	ATT_C
5925	C	T	ACA_T
6281	C	T	TCT_T
6650	C	T	ACT_T
8114	C	T	GCC_T
10370	G	A	TGT_A
11631	C	T	TCT_T
11780	C	T	GCG_T
12299	C	T	ACA_T
13900	T	C	TTA_C
13999	G	A	TGT_A
15247	G	A	CGA_A
15331	T	C	GTA_C
16738	T	C	ATG_C
16947	T	C	GTA_C
19036	G	T	TGT_T
19418	A	G	AAT_G
21745	C	T	CCC_T
22652	C	T	TCA_T
22726	C	T	ACT_T
24251	T	C	ATA_C
24863	C	T	TCT_T
25392	T	A	ATC_A
26243	G	A	TGC_A
27229	C	T	CCA_T
28057	G	A	CGT_A
29366	T	C	GTT_C
29444	G	T	GGC_T
29464	C	T	GCC_T
29741	C	T	TCC_T
6169	A	C	GAT_C
7001	C	A	CCT_A
13396	C	T	GCG_T
14716	G	T	TGC_T
21220	C	T	TCT_T
737	T	C	ATA_C
3677	A	G	TAC_G
5568	C	T	TCC_T
8885	T	C	CTG_C
21927	G	T	AGT_T
28572	T	G	ATC_G
28673	A	T	CAC_T
4646	T	C	TTT_C
4945	T	C	GTG_C
15931	C	T	CCG_T
24383	C	T	TCT_T
24899	G	C	AGT_C
27821	C	T	ACT_T
27911	A	G	AAT_G
11631	C	T	TCT_T
26967	T	C	TTG_C
27874	A	G	CAT_G
301	C	T	ACG_T
476	G	A	AGA_A
542	A	G	TAA_G
624	T	C	CTG_C
27229	C	T	CCA_T
28057	G	A	CGT_A
1454	T	C	ATG_C
1514	T	C	GTG_C
1833	C	A	CCT_A
24383	C	T	TCT_T
4322	G	T	AGC_T
4941	C	T	CCC_T
8770	A	G	AAT_G
17311	C	T	CCA_T
20874	C	T	ACG_T
22834	C	T	TCG_T
24659	C	T	ACG_T
24926	T	C	ATC_C
25671	C	T	GCC_T
29237	C	T	CCT_T
28996	C	T	TCG_T
127	T	C	ATA_C
301	T	C	ATG_C
1178	C	T	ACA_T
21927	G	T	AGT_T
19036	G	T	TGT_T
24863	C	T	TCT_T
3139	C	A	TCT_A
5900	C	T	ACT_T
6169	C	A	GCT_A
6332	T	C	ATT_C
6995	G	T	CGA_T
7001	A	C	CAT_C
8518	T	C	GTT_C
9395	A	G	CAT_G
10331	C	T	ACC_T
10748	T	C	CTA_C
17614	C	T	GCA_T
18475	A	G	CAG_G
25590	C	T	ACG_T
28185	C	T	TCA_T
3442	C	T	CCG_T
4985	T	A	CTC_A
5234	T	C	ATC_C
5335	A	G	AAG_G
5444	C	T	CCC_T
5494	C	T	TCA_T
6076	C	T	ACA_T
6286	C	T	GCG_T
7238	G	A	AGC_A
7555	C	T	ACG_T
9290	C	T	GCC_T
9413	C	T	TCA_T
11631	C	T	TCT_T
15118	C	T	GCA_T
15310	C	T	TCC_T
15463	T	C	ATC_C
16894	T	C	CTA_C
18679	C	T	GCG_T
21097	G	T	GGC_T
25125	G	A	CGC_A
25295	C	T	ACT_T
25618	T	C	CTA_C
28880	T	C	CTG_C
29161	C	G	ACT_G
29474	C	T	CCG_T
1271	C	T	ACA_T
4995	A	G	TAG_G
9455	C	A	CCA_A
22086	G	T	TGA_T
23767	A	G	GAC_G
28538	G	T	TGT_T
899	A	G	GAA_G
9992	C	T	ACG_T
15778	G	A	AGA_A
23134	C	T	ACG_T
24951	G	A	AGC_A
26056	G	T	GGC_T
26448	G	T	CGA_T
28811	C	T	ACG_T
668	C	T	TCC_T
933	A	G	CAG_G
1976	T	A	GTA_A
3607	C	T	CCT_T
3677	A	G	TAC_G
4563	C	T	ACA_T
5376	C	T	GCT_T
7733	T	C	TTC_C
8518	T	C	GTT_C
9395	A	G	CAT_G
11699	A	G	GAT_G
13396	T	C	GTG_C
16247	C	T	CCA_T
16660	T	A	TTC_A
16998	G	A	AGC_A
20131	T	C	CTC_C
22334	T	C	ATC_C
22686	C	T	TCT_T
22790	T	C	ATT_C
22895	C	T	TCT_T
23406	C	T	TCG_T
23714	G	T	TGC_T
26231	C	T	CCT_T
26346	A	T	TAG_T
26449	C	A	GCA_A
27849	C	A	TCT_A
28996	C	T	TCG_T
29714	A	T	CAA_T
29749	G	A	CGA_A
9697	T	C	GTT_C
17462	C	T	ACA_T
20284	C	T	TCC_T
3339	G	T	TGT_T
8131	C	T	TCG_T
9457	A	C	CAT_C
16644	A	G	AAC_G
16929	T	C	GTA_C
11631	C	T	TCT_T
29464	C	T	GCC_T
26144	T	C	TTG_C
3419	C	T	CCT_T
22396	A	G	TAG_G
23697	C	T	TCC_T
24338	T	C	CTC_C
25453	G	C	TGA_C
1064	T	C	ATC_C
3127	A	G	GAG_G
3927	A	G	TAT_G
7418	C	T	TCG_T
10474	G	A	GGT_A
14026	C	T	TCC_T
19190	T	C	GTT_C
21459	A	G	GAA_G
23209	G	C	TGC_C
20677	T	C	GTA_C
23130	T	C	CTA_C
23273	T	C	ATC_C
25265	A	G	AAA_G
27462	C	T	ACC_T
5321	T	C	TTT_C
1444	C	T	GCA_T
20848	A	C	CAC_C
22334	T	C	ATC_C
22790	T	C	ATT_C
25926	C	T	TCC_T
27092	C	T	ACA_T
23056	T	C	GTT_C
27917	C	T	GCT_T
21965	T	C	TTT_C
1388	C	T	TCA_T
4944	G	A	CGT_A
5185	A	G	TAG_G
9626	C	T	TCG_T
19450	G	A	AGA_A
22301	C	T	CCC_T
23570	C	T	GCC_T
23573	C	T	CCT_T
25823	G	A	CGT_A
28862	C	T	ACT_T
21853	G	A	AGC_A
12299	C	T	ACA_T
18046	T	C	CTC_C
21791	T	C	TTC_C
24806	C	T	GCG_T
2614	A	C	GAA_C
3324	G	A	CGT_A
3500	C	T	TCA_T
5155	C	T	TCA_T
6666	C	T	ACC_T
7550	T	C	GTA_C
11699	A	G	GAT_G
18934	C	T	TCT_T
22746	G	C	AGA_C
22900	C	T	GCA_T
25810	G	T	TGA_T
26821	T	C	ATC_C
26825	G	T	AGA_T
27092	T	C	ATA_C
27229	C	T	CCA_T
28057	G	A	CGT_A
28185	C	T	TCA_T
28737	C	T	TCA_T
29700	A	G	AAG_G
29737	G	T	AGA_T
4397	G	T	GGG_T
5205	G	T	TGT_T
7926	G	A	GGT_A
10136	A	G	CAG_G
14716	G	T	TGC_T
20629	T	C	ATC_C
23357	G	A	CGA_A
25079	G	T	AGT_T
25704	T	C	TTC_C
25968	A	T	CAT_T
27283	C	T	ACC_T
20782	C	T	CCT_T
8183	T	C	ATA_C
27993	C	T	TCT_T
19346	G	C	TGA_C
27634	C	A	ACT_A
11533	C	T	TCC_T
16407	G	T	GGA_T
28941	G	C	AGT_C
3524	A	G	CAC_G
19165	T	C	ATC_C
19347	A	G	GAG_G
24702	G	T	TGA_T
26889	C	T	TCC_T
19438	T	C	CTT_C
8518	T	C	GTT_C
9395	A	G	CAT_G
20487	G	A	AGC_A
28572	T	G	ATC_G
57	A	C	GAT_C
11631	C	T	TCT_T
25135	C	T	ACG_T
25136	C	T	CCG_T
26966	T	C	TTA_C
27614	A	G	AAA_G
1604	C	T	ACT_T
6476	G	A	AGT_A
17998	C	T	TCA_T
25032	G	T	TGA_T
26880	T	C	GTC_C
1511	A	G	AAG_G
1829	C	T	TCC_T
4793	C	T	ACC_T
6452	C	T	CCG_T
6589	A	G	AAG_G
7721	C	T	TCA_T
14371	C	T	CCT_T
17053	A	G	GAC_G
20220	A	C	GAG_C
22319	T	C	ATC_C
24197	G	T	AGA_T
16347	C	T	CCT_T
20905	T	C	ATA_C
21828	A	T	CAT_T
27209	C	T	TCA_T
25528	A	G	TAT_G
25561	G	A	TGT_A
26841	T	C	ATG_C
3501	C	A	CCG_A
18763	T	C	CTC_C
23690	C	T	TCC_T
2649	A	G	TAC_G
3432	C	T	TCT_T
18469	G	T	GGC_T
22596	G	T	TGT_T
25644	G	C	TGA_C
28779	G	T	TGG_T
4381	A	G	GAT_G
381	C	T	ACC_T
3110	C	T	GCT_T
18208	T	C	ATC_C
23883	G	A	CGT_A
24602	C	T	CCC_T
25364	C	T	TCT_T
2864	C	A	GCG_A
5969	C	T	ACG_T
6398	T	C	CTT_C
11426	C	T	CCT_T
15517	T	C	CTA_C
22130	G	A	TGA_A
22995	G	T	AGA_T
24928	C	T	GCG_T
25179	G	T	TGT_T
26161	G	C	AGG_C
26437	G	A	CGT_A
27351	C	T	TCT_T
27864	G	A	TGC_A
28632	C	A	CCA_A
3968	C	T	TCC_T
23685	A	C	TAT_C
4625	C	T	ACA_T
6189	C	T	TCA_T
11631	C	T	TCT_T
11766	T	C	GTA_C
22394	C	T	TCA_T
24518	G	A	AGT_A
12733	C	T	ACA_T
17836	C	T	ACT_T
14156	G	A	CGT_A
24470	G	C	TGG_C
3295	C	T	GCG_T
3539	T	A	CTA_A
11375	C	T	GCG_T
11417	C	T	CCC_T
12548	T	C	ATT_C
12971	T	A	CTC_A
15207	A	G	GAT_G
28057	G	T	CGT_T
3799	A	G	GAT_G
5065	C	T	GCG_T
5381	T	C	CTG_C
15592	G	A	TGA_A
18045	C	T	ACT_T
21531	G	T	TGT_T
22790	C	T	ACT_T
23549	A	G	AAG_G
24687	C	T	ACA_T
27204	A	T	TAA_T
27206	A	C	CAT_C
27208	T	A	TTC_A
27211	A	C	CAT_C
2015	T	C	TTG_C
7610	C	T	CCC_T
13331	T	C	ATC_C
19072	C	T	CCG_T
22913	T	C	ATA_C
26672	G	T	TGT_T
27867	G	T	CGA_T
29170	G	T	GGC_T
3280	C	T	TCG_T
7124	T	G	TTT_G
1565	A	G	TAC_G
2396	A	G	TAA_G
3430	C	T	ACC_T
5955	T	A	CTG_A
5972	C	T	GCA_T
10917	A	C	GAT_C
11852	C	A	TCT_A
12095	C	G	CCT_G
12509	C	T	ACA_T
15472	T	C	CTC_C
18403	G	T	CGG_T
18763	C	A	CCC_A
20917	A	G	CAA_G
23290	C	T	TCG_T
23888	C	T	GCA_T
25520	A	G	TAC_G
25645	C	T	GCT_T
29740	T	C	ATA_C
1226	C	T	ACC_T
16381	A	C	CAA_C
18966	T	G	CTG_G
5438	C	T	ACC_T
12901	A	C	GAA_C
20692	C	T	ACA_T
27796	C	T	TCA_T
11785	C	T	ACC_T
18909	A	C	AAA_C
5152	A	G	GAT_G
21382	T	C	TTA_C
21777	G	A	GGC_A
23504	T	C	CTC_C
24299	T	C	CTC_C
24515	G	C	AGA_C
24740	C	G	CCC_G
25052	C	T	CCT_T
25597	C	T	CCC_T
27229	C	T	CCA_T
29714	A	T	CAA_T
4847	T	C	ATC_C
25791	C	A	ACG_A
25819	T	A	TTA_A
28057	G	A	CGT_A
29147	C	T	ACC_T
1418	T	G	CTT_G
2452	C	T	TCA_T
4418	C	T	ACT_T
7009	T	C	GTC_C
11681	C	T	TCC_T
15040	T	C	ATT_C
22895	T	C	TTT_C
22958	C	T	ACA_T
23504	C	T	CCC_T
23648	T	C	TTG_C
23756	T	C	CTT_C
6332	T	C	ATT_C
8502	C	T	TCT_T
10133	C	T	GCC_T
10154	G	A	CGC_A
23570	C	T	GCC_T
1223	T	C	TTA_C
2295	G	A	GGA_A
2456	T	A	ATT_A
2504	G	A	CGG_A
3320	C	T	CCT_T
3474	A	G	GAA_G
5432	C	T	TCA_T
5593	A	G	AAT_G
6515	T	C	CTC_C
8038	C	T	TCA_T
16723	C	T	CCA_T
17995	G	A	AGT_A
24560	A	G	AAT_G
24704	A	T	CAA_T
25124	C	T	TCG_T
25208	T	C	CTT_C
28260	T	C	CTC_C
29689	C	T	TCA_T
1685	C	T	TCC_T
2452	C	T	TCA_T
4995	A	G	TAG_G
2372	T	C	TTC_C
3397	C	T	GCC_T
3715	C	T	GCA_T
7840	G	A	CGG_A
11363	G	A	CGT_A
11987	T	C	CTT_C
15973	C	T	TCT_T
20953	T	C	CTT_C
25491	G	C	CGG_C
25787	C	T	TCT_T
25788	C	T	CCA_T
27459	C	T	GCA_T
27823	T	C	CTA_C
26881	C	T	TCC_T
1226	C	T	ACC_T
1823	A	G	AAG_G
3320	C	T	CCT_T
4945	T	C	GTG_C
8867	G	T	AGT_T
9185	G	A	GGT_A
19999	C	T	TCA_T
20191	G	T	TGA_T
21607	C	T	TCA_T
27895	A	G	CAT_G
29018	G	T	CGC_T
2179	A	G	GAA_G
3397	C	T	GCC_T
3707	T	C	TTA_C
5932	C	T	ACA_T
6397	C	T	TCA_T
890	C	T	GCT_T
11533	C	T	TCC_T
13096	C	T	GCC_T
19513	C	T	GCT_T
20227	C	T	TCT_T
20494	C	T	ACT_T
2768	C	T	ACG_T
9998	C	T	GCT_T
19957	C	T	TCT_T
19999	C	T	TCA_T
26351	G	T	CGC_T
29018	G	T	CGC_T
2179	G	A	GGA_A
10160	C	T	ACA_T
25806	G	T	AGG_T
26167	C	T	GCA_T
11708	T	A	CTC_A
15757	T	C	TTA_C
19598	G	T	TGT_T
22760	C	T	GCA_T
22971	C	T	TCT_T
29723	G	T	AGG_T
10874	C	T	CCT_T
11492	T	C	TTA_C
11534	G	A	CGC_A
16174	T	C	ATG_C
19999	C	T	TCA_T
23570	C	T	GCC_T
23804	C	T	CCC_T
24514	A	G	CAA_G
24515	C	G	ACA_G
24740	G	C	CGC_C
28057	G	A	CGT_A
3320	C	T	CCT_T
3692	G	T	GGA_T
5658	C	T	CCC_T
6476	G	A	AGT_A
9659	C	T	TCA_T
12257	T	C	ATA_C
1533	T	C	TTT_C
1650	A	G	CAC_G
1685	C	T	TCC_T
1823	A	G	AAG_G
1869	G	A	CGA_A
2105	C	T	CCT_T
2184	A	G	GAT_G
2452	C	T	TCA_T
5384	C	T	GCT_T
8856	G	T	GGG_T
13906	T	C	TTT_C
17077	T	C	ATT_C
794	C	T	ACA_T
1100	C	T	TCA_T
1331	T	C	CTT_C
2306	C	T	TCG_T
4834	C	T	GCG_T
5162	C	T	ACT_T
5657	C	T	TCC_T
7613	C	T	CCT_T
12696	G	A	GGT_A
13418	T	G	ATC_G
15041	C	T	TCA_T
15898	T	C	TTC_C
18227	C	T	TCT_T
19264	T	C	CTT_C
20188	C	T	ACT_T
20683	T	C	TTC_C
21677	T	C	TTT_C
23332	G	T	CGC_T
23691	A	G	CAA_G
24702	G	T	TGA_T
26848	C	T	TCC_T
428	G	T	TGA_T
3153	T	C	CTC_C
4254	C	T	TCT_T
5931	A	G	CAT_G
7602	C	T	CCC_T
10694	T	C	CTA_C
13398	G	A	AGA_A
13501	C	T	TCT_T
14518	G	A	AGA_A
15339	G	C	GGA_C
17206	C	T	TCT_T
19598	G	T	TGT_T
25396	T	C	GTT_C
29288	A	G	AAA_G
29714	T	A	CTA_A
29752	C	T	ACC_T
737	T	C	ATA_C
2490	C	T	TCA_T
11631	C	T	TCT_T
17836	C	T	ACT_T
23953	A	G	CAG_G
28778	T	A	CTC_A
28880	T	C	CTG_C
28941	G	C	AGT_C
20568	A	C	GAG_C
23093	T	C	CTC_C
23503	C	T	TCT_T
6773	G	A	AGT_A
18631	C	T	GCA_T
18889	T	C	ATC_C
20974	G	A	TGA_A
1685	C	T	TCC_T
1787	C	T	CCC_T
18526	C	T	ACA_T
28375	C	G	GCG_G
28531	C	T	TCT_T
28576	C	T	CCG_T
4996	A	G	GAT_G
7937	T	A	TTG_A
19012	A	G	GAT_G
29300	T	C	CTC_C
127	T	C	ATA_C
241	C	T	ACC_T
301	C	T	ACG_T
476	G	A	AGA_A
542	A	G	TAA_G
624	T	C	CTG_C
750	T	G	ATC_G
1454	T	C	ATG_C
1514	T	C	GTG_C
1833	C	A	CCT_A
2774	T	C	TTC_C
3276	A	G	GAT_G
3984	G	A	AGA_A
6169	A	C	GAT_C
6173	T	C	CTC_C
6286	C	T	GCG_T
8518	C	T	GCT_T
9395	G	A	CGT_A
13396	C	T	GCG_T
14716	G	T	TGC_T
18146	G	A	TGC_A
20017	G	T	TGT_T
21713	T	C	TTA_C
24191	C	T	GCT_T
24251	C	T	ACA_T
24296	T	C	ATC_C
24299	C	T	CCC_T
24383	C	T	TCT_T
24863	C	T	TCT_T
25580	C	T	TCT_T
25768	A	T	CAC_T
25788	C	T	CCA_T
27067	G	T	TGA_T
27355	C	T	CCC_T
28219	T	A	ATT_A
28290	C	T	GCA_T
29714	T	A	CTA_A
1832	C	T	CCT_T
2285	G	A	TGT_A
2582	C	T	CCA_T
4995	A	G	TAG_G
5498	G	T	CGC_T
6476	G	A	AGT_A
7000	C	T	TCT_T
7079	C	T	ACA_T
7083	C	T	CCA_T
7598	T	C	ATA_C
12257	T	C	ATA_C
14707	C	T	GCC_T
17617	G	A	AGG_A
17975	T	C	ATG_C
18169	C	T	CCG_T
20252	T	C	CTT_C
23666	T	C	CTT_C
23732	G	A	TGC_A
26074	G	T	CGT_T
26477	G	A	CGC_A
26823	C	T	CCG_T
27910	A	C	GAC_C
28342	C	T	TCT_T
28873	C	T	ACG_T
6635	G	T	TGT_T
7001	C	A	CCT_A
7555	C	T	ACG_T
26109	T	C	ATG_C
7301	C	T	TCC_T
1853	T	C	ATT_C
4502	T	A	ATT_A
7376	T	C	ATA_C
7781	C	T	TCG_T
11639	C	T	ACT_T
12914	C	T	TCA_T
15442	T	G	CTG_G
17304	C	T	ACT_T
18972	G	T	GGT_T
20815	C	T	GCC_T
27123	G	T	AGT_T
18146	A	G	TAC_G
18475	G	A	CGG_A
18679	C	T	GCG_T
19036	G	T	TGT_T
19075	A	G	GAA_G
19418	G	A	AGT_A
20017	T	G	TTT_G
2279	C	T	ACT_T
4704	G	A	GGT_A
7301	T	C	TTC_C
7820	C	T	TCT_T
8717	G	A	AGA_A
9290	C	T	GCC_T
11069	G	A	AGT_A
12429	C	T	ACG_T
13401	C	T	ACG_T
13653	A	T	TAG_T
14689	A	G	AAG_G
16174	C	T	ACG_T
16576	C	T	CCA_T
17788	T	C	GTT_C
18436	G	T	AGT_T
19999	T	C	TTA_C
27502	G	T	CGT_T
10969	C	T	GCC_T
11775	A	G	TAT_G
15238	T	C	TTA_C
16834	A	G	TAC_G
17077	T	C	ATT_C
21974	C	T	CCA_T
23816	C	T	CCT_T
25580	T	C	TTT_C
25618	T	C	CTA_C
25768	T	A	CTC_A
25788	T	C	CTA_C
7002	T	A	CTT_A
231	G	T	CGT_T
1038	C	T	GCT_T
3153	T	C	CTC_C
10982	C	T	TCC_T
11813	G	A	AGC_A
21430	G	T	CGA_T
21614	T	C	CTA_C
26333	T	A	TTG_A
27910	A	C	GAC_C
29495	G	T	CGA_T
15238	T	C	TTA_C
21974	C	T	CCA_T
28781	G	C	CGA_C
18124	G	T	TGA_T
21877	G	A	CGA_A
18727	C	T	TCA_T
19349	G	T	AGG_T
27885	G	A	AGT_A
7721	C	T	TCA_T
26155	G	C	CGG_C
2285	G	A	TGT_A
5256	T	C	GTA_C
5399	C	T	GCA_T
15238	C	T	TCA_T
15865	T	C	TTA_C
15884	G	T	CGT_T
23597	C	T	TCT_T
25905	G	T	CGA_T
28618	T	C	ATA_C
4931	G	A	AGT_A
7755	C	T	TCA_T
9935	T	C	CTA_C
16703	G	T	TGG_T
21034	G	T	AGC_T
21738	A	T	CAA_T
26457	G	T	AGT_T
29555	G	T	GGA_T
455	G	C	TGA_C
3276	G	A	GGT_A
6286	T	C	GTG_C
6666	C	A	ACC_A
7267	A	G	TAA_G
7729	G	C	CGT_C
8018	T	A	ATA_A
9537	G	T	AGA_T
11423	C	T	GCC_T
12603	A	C	AAA_C
12611	A	C	CAT_C
12625	G	T	TGA_T
12627	A	G	CAT_G
12649	T	C	GTA_C
18645	C	T	GCG_T
18658	A	G	CAC_G
19774	C	T	CCA_T
23940	T	G	TTC_G
24191	T	C	GTT_C
26893	T	C	CTC_C
27104	G	T	TGA_T
797	T	C	ATT_C
917	C	T	ACC_T
1661	C	A	GCG_A
6254	A	G	AAC_G
8846	A	G	CAT_G
4586	A	T	TAA_T
6392	T	C	TTC_C
17644	T	C	ATT_C
18685	T	C	CTA_C
22079	C	T	ACC_T
28587	C	T	TCT_T
25283	T	C	TTA_C
1346	C	T	CCG_T
2336	C	T	ACC_T
23837	C	T	ACT_T
1636	G	A	AGA_A
3565	C	A	ACG_A
4944	G	C	CGT_C
6254	G	A	AGC_A
7280	G	T	TGC_T
7913	T	C	TTA_C
8846	G	A	CGT_A
17836	C	T	ACT_T
21739	C	T	ACA_T
21923	C	T	TCC_T
22166	C	T	GCC_T
22223	T	C	TTC_C
26158	G	A	GGA_A
26890	T	C	CTC_C
28102	G	T	AGA_T
4995	A	G	TAG_G
9218	T	C	TTG_C
9408	C	T	GCC_T
9413	C	T	TCA_T
10775	C	T	ACT_T
11545	C	T	ACC_T
12947	C	T	GCG_T
17617	G	A	AGG_A
21073	T	C	TTA_C
21074	A	T	TAT_T
21265	T	C	GTG_C
28632	C	A	CCA_A
29253	G	T	AGA_T
470	T	A	TTA_A
3644	C	G	GCT_G
12564	G	A	TGT_A
15835	G	A	GGC_A
16597	C	T	TCA_T
21385	A	G	AAT_G
27844	T	C	CTC_C
28775	C	T	CCC_T
797	C	A	ACT_A
6186	C	T	ACT_T
7211	A	T	CAG_T
10068	A	G	TAG_G
10970	G	A	CGA_A
18970	C	T	CCG_T
20986	T	A	TTC_A
22949	C	T	GCA_T
22980	G	C	TGT_C
26718	C	T	CCC_T
26876	C	T	GCA_T
581	C	T	TCT_T
1429	C	T	GCA_T
3026	C	T	TCC_T
6167	G	A	TGA_A
7361	T	C	TTT_C
10487	G	T	AGG_T
10758	G	A	TGC_A
16480	C	T	GCT_T
17426	G	A	AGT_A
19969	C	A	CCA_A
22072	C	T	ACT_T
24197	G	T	AGA_T
24991	G	T	AGA_T
25405	T	C	ATC_C
26545	G	T	AGC_T
28587	C	T	TCT_T
29741	C	T	TCC_T
9992	C	T	ACG_T
14023	G	T	TGT_T
15238	T	C	TTA_C
1284	A	G	CAT_G
10486	A	G	GAG_G
11492	C	T	TCA_T
12738	T	G	TTC_G
17563	G	T	TGG_T
20017	T	G	TTT_G
20089	G	T	AGT_T
23837	T	C	ATT_C
24926	T	C	ATC_C
28072	C	T	TCA_T
29021	C	T	CCG_T
2189	C	T	GCA_T
7354	T	C	CTT_C
9692	C	T	TCG_T
1636	G	A	AGA_A
3565	C	A	ACG_A
4581	C	T	ACC_T
5245	C	T	GCA_T
5717	C	T	TCG_T
5723	A	G	CAA_G
10008	G	T	TGC_T
10615	C	T	ACG_T
12497	T	C	ATC_C
12701	G	A	TGC_A
14294	C	T	TCC_T
16319	C	T	TCA_T
17604	A	T	GAC_T
18475	G	T	CGG_T
19098	C	T	ACG_T
20874	C	T	ACG_T
21159	A	G	AAT_G
21277	C	T	ACC_T
21739	C	T	ACA_T
22628	C	T	GCC_T
23217	C	A	GCT_A
23584	C	A	CCG_A
24296	C	T	ACC_T
26161	G	C	AGG_C
26778	A	G	CAG_G
27380	A	G	TAC_G
28102	G	T	AGA_T
28632	C	A	CCA_A
28745	G	T	GGA_T
28845	C	T	ACG_T
29187	G	A	AGA_A
127	C	T	ACA_T
3208	A	G	GAT_G
5568	C	T	TCC_T
7154	T	C	TTA_C
9956	C	T	GCA_T
10994	C	T	TCC_T
11927	T	C	ATT_C
20963	G	A	CGC_A
23303	T	C	TTT_C
24632	T	C	ATT_C
24722	C	T	CCA_T
25714	C	T	ACT_T
28212	C	T	ACT_T
9721	A	G	CAG_G
29008	C	T	ACC_T
11631	C	T	TCT_T
19075	A	G	GAA_G
23303	C	T	TCT_T
24383	T	C	TTT_C
26109	C	T	ACG_T
6286	T	C	GTG_C
21864	A	C	CAC_C
23043	G	C	TGC_C
25968	A	T	CAT_T
3984	A	G	AAA_G
6169	C	A	GCT_A
6173	C	T	CCC_T
12425	T	C	TTC_C
23041	T	C	ATG_C
21549	G	A	TGG_A
21864	A	C	CAC_C
23043	G	C	TGC_C
24078	G	A	AGA_A
6126	G	C	AGC_C
8995	G	T	AGG_T
21638	C	G	GCG_G
5373	C	T	TCG_T
7181	T	C	ATC_C
5852	G	A	CGC_A
7933	C	T	TCG_T
24622	A	G	CAC_G
22984	A	G	GAC_G
2917	A	G	AAA_G
21726	C	T	ACT_T
25903	C	T	ACG_T
25495	C	T	CCC_T
22356	C	T	TCT_T
11257	C	T	GCT_T
23041	T	C	ATG_C
5917	C	T	TCA_T
20411	A	T	GAT_T
18916	G	A	TGA_A
10089	A	G	TAC_G
26979	T	C	GTT_C
132	T	C	TTG_C
626	G	T	TGT_T
1430	T	C	CTC_C
4944	G	C	CGT_C
7301	C	T	TCC_T
7913	T	C	TTA_C
10758	G	A	TGC_A
12564	G	A	TGT_A
28632	C	A	CCA_A
28745	G	T	GGA_T
2858	C	A	CCT_A
11631	C	T	TCT_T
12974	G	T	CGC_T
15835	G	A	GGC_A
16597	C	T	TCA_T
17836	C	T	ACT_T
19664	A	G	GAC_G
19699	G	T	TGT_T
19855	T	C	ATG_C
20026	T	C	CTA_C
21943	G	T	CGT_T
23009	G	T	TGA_T
24014	G	T	TGA_T
25292	T	C	CTA_C
26245	C	T	TCA_T
26457	G	T	AGT_T
27196	G	T	TGA_T
3370	C	T	CCG_T
4043	G	A	AGC_A
15604	T	C	TTA_C
16285	C	T	GCG_T
17617	G	A	AGG_A
18239	G	T	TGA_T
19105	C	T	ACT_T
22190	T	C	TTC_C
22570	G	C	GGT_C
23837	C	T	ACT_T
26124	C	T	ACT_T
26191	C	T	GCA_T
26890	T	C	CTC_C
28102	G	T	AGA_T
29432	G	T	AGA_T
11631	C	T	TCT_T
18589	A	T	CAA_T
9518	C	A	CCC_A
132	C	T	TCG_T
2279	C	T	ACT_T
17617	G	A	AGG_A
2042	T	C	CTA_C
2564	T	G	TTT_G
5158	C	T	ACG_T
26163	G	T	AGA_T
26825	G	T	AGA_T
28212	C	T	ACT_T
1534	C	T	TCA_T
7706	A	G	GAA_G
9408	C	T	GCC_T
12401	T	G	ATG_G
13543	T	C	CTG_C
16986	A	G	GAG_G
21523	C	T	CCG_T
21572	C	T	TCT_T
23066	C	T	ACG_T
23291	G	T	CGG_T
24548	G	T	AGC_T
25975	C	T	CCT_T
26680	C	T	GCA_T
29747	G	T	AGG_T
9893	G	A	TGA_A
22975	T	G	CTT_G
2020	A	G	AAT_G
2758	A	G	AAG_G
3275	G	T	AGC_T
3432	C	T	TCT_T
5652	C	A	ACT_A
6059	C	A	ACA_A
8153	T	C	TTT_C
10499	C	T	TCA_T
14293	T	C	ATA_C
1748	C	T	TCT_T
3090	A	T	TAT_T
3647	T	C	TTC_C
8329	C	T	GCT_T
14182	G	A	GGA_A
14575	T	C	TTT_C
14842	C	T	ACA_T
16285	C	T	GCG_T
16639	G	T	CGC_T
18752	G	A	AGC_A
22190	T	C	TTC_C
22592	A	C	AAG_C
22995	G	T	AGA_T
23831	G	T	AGA_T
24548	G	T	AGC_T
27439	T	C	TTC_C
27826	C	T	ACA_T
28772	C	T	CCC_T
29501	T	C	TTA_C
14156	G	A	CGT_A
14224	T	C	CTA_C
16597	C	T	TCA_T
25715	G	T	CGC_T
28102	G	T	AGA_T
28632	C	A	CCA_A
28745	G	T	GGA_T
17077	T	C	ATT_C
17650	G	T	CGA_T
18239	G	T	TGA_T
20308	T	C	TTA_C
21266	G	T	TGT_T
21744	C	T	TCA_T
22190	T	C	TTC_C
22873	T	C	TTT_C
24575	A	G	TAC_G
26157	G	T	AGA_T
27196	G	T	TGA_T
1262	C	T	CCA_T
1334	C	T	TCA_T
4944	G	A	CGT_A
6178	C	T	CCG_T
17617	A	G	AAG_G
17836	C	T	ACT_T
18652	C	T	ACC_T
21822	G	T	AGT_T
22223	T	C	TTC_C
23543	G	T	TGT_T
23837	C	T	ACT_T
27928	A	G	GAC_G
27424	C	T	CCT_T
3915	G	T	TGT_T
24931	C	T	GCA_T
27052	C	T	TCA_T
9550	C	T	GCT_T
13396	T	C	GTG_C
14716	T	G	TTC_G
16222	C	T	GCT_T
16834	A	G	TAC_G
17077	T	C	ATT_C
3482	G	T	CGC_T
5652	C	A	ACT_A
6056	C	A	TCA_A
6059	C	A	ACA_A
1430	T	C	CTC_C
3563	T	C	TTC_C
4265	C	T	ACG_T
4775	C	T	TCT_T
5500	C	T	GCC_T
17836	C	T	ACT_T
24350	C	A	CCC_A
25255	T	C	TTT_C
25860	C	T	ACT_T
26155	G	C	CGG_C
26194	C	T	ACT_T
26545	G	C	AGC_C
29098	T	C	TTA_C
29657	G	A	AGA_A
132	C	T	TCG_T
488	C	T	TCA_T
1433	T	G	CTG_G
2020	A	G	AAT_G
2279	C	T	ACT_T
3275	G	T	AGC_T
4680	C	T	ACT_T
4850	C	T	CCT_T
10154	G	A	CGC_A
10770	G	A	CGT_A
13793	C	T	TCT_T
17959	C	T	CCT_T
18146	A	G	TAC_G
19590	C	T	GCT_T
20017	T	G	TTT_G
20092	C	T	TCA_T
21739	C	T	ACA_T
22659	T	C	TTG_C
23573	C	T	CCT_T
23837	C	T	ACT_T
26398	C	T	TCC_T
26649	C	A	TCA_A
28102	G	T	AGA_T
28632	C	A	CCA_A
28745	G	T	GGA_T
28769	T	C	ATC_C
29287	A	G	AAG_G
29738	C	T	GCT_T
11102	C	T	TCT_T
19016	C	T	TCT_T
19590	C	T	GCT_T
20017	T	G	TTT_G
20092	C	T	TCA_T
21713	C	T	TCA_T
22137	T	C	TTT_C
22873	T	C	TTT_C
23066	C	T	ACG_T
24383	T	C	TTT_C
25715	G	T	CGC_T
26716	T	C	ATC_C
626	T	G	TTT_G
1175	C	T	GCA_T
1382	C	T	TCA_T
24443	T	C	TTT_C
28102	G	T	AGA_T
28632	C	A	CCA_A
28745	G	T	GGA_T
1621	A	G	AAT_G
2324	T	C	ATC_C
2456	T	C	ATT_C
2696	T	C	ATG_C
3397	C	T	GCC_T
3412	C	T	GCG_T
3846	T	C	CTG_C
3882	G	A	TGC_A
5782	A	C	GAC_C
8540	G	A	AGG_A
9518	A	C	CAC_C
9550	T	C	GTT_C
11447	C	T	TCC_T
25102	C	T	ACA_T
27534	G	A	GGT_A
1127	T	C	CTC_C
2263	C	T	ACG_T
3219	G	A	AGT_A
3431	T	C	CTC_C
3574	C	G	CCA_G
3785	A	G	AAA_G
4401	G	A	TGC_A
4775	C	T	TCT_T
5033	C	T	TCA_T
5568	C	T	TCC_T
5652	C	A	ACT_A
6056	C	A	TCA_A
6059	C	A	ACA_A
6587	T	C	CTA_C
6903	G	A	AGT_A
7406	G	T	CGC_T
9143	T	C	GTC_C
9290	C	T	GCC_T
12947	C	T	GCG_T
13907	G	A	TGT_A
15544	T	C	ATG_C
16246	C	T	CCT_T
16956	C	T	ACG_T
18787	T	C	CTT_C
19864	T	C	CTC_C
22022	T	C	CTG_C
24557	C	T	CCA_T
25670	G	T	TGC_T
25977	T	C	CTT_C
27113	C	T	TCA_T
28946	C	T	GCC_T
112	G	T	TGT_T
1430	T	C	CTC_C
1982	C	T	CCT_T
2129	C	T	GCT_T
2219	C	T	GCA_T
3349	C	T	TCG_T
3364	C	T	GCC_T
3645	G	A	CGT_A
4522	C	A	ACA_A
4944	G	C	CGT_C
5802	C	A	ACA_A
6293	C	T	ACC_T
6488	G	A	GGC_A
6541	C	T	GCG_T
6604	G	A	GGT_A
7301	C	T	TCC_T
7611	G	A	CGC_A
7913	T	C	TTA_C
9143	T	C	GTC_C
10488	G	A	GGT_A
12362	C	T	ACA_T
15041	C	T	TCA_T
17101	C	T	ACA_T
17945	G	A	GGA_A
18146	A	G	TAC_G
18271	T	C	ATT_C
21557	T	C	ATT_C
21831	T	G	TTC_G
23688	C	T	TCC_T
24698	T	C	TTT_C
26755	T	C	TTT_C
29098	T	C	TTA_C
29366	T	C	GTT_C
3665	C	T	ACC_T
4240	A	G	TAA_G
18291	C	T	TCC_T
20837	G	A	CGT_A
9238	C	T	TCT_T
276	A	T	CAC_T
2191	A	G	GAT_G
6059	C	T	ACA_T
1175	C	T	GCA_T
2456	T	C	ATT_C
2696	T	C	ATG_C
3397	C	T	GCC_T
3412	C	T	GCG_T
5782	A	C	GAC_C
5432	C	T	TCA_T
9518	C	A	CCC_A
9884	T	C	CTG_C
17617	G	A	AGG_A
28597	C	T	TCT_T
29414	G	T	TGA_T
11631	C	T	TCT_T
777	T	G	TTC_G
9628	G	A	GGC_A
13942	A	G	AAT_G
16361	G	A	TGC_A
16929	T	C	GTA_C
16954	T	C	TTC_C
25364	C	T	TCT_T
29409	C	A	TCA_A
29464	C	T	GCC_T
1925	A	G	GAT_G
3360	G	A	AGA_A
16361	G	A	TGC_A
27508	C	T	TCT_T
4628	G	A	AGA_A
14032	A	C	TAA_C
27863	T	C	ATA_C
5726	G	A	AGT_A
7125	C	T	TCT_T
29235	G	A	AGC_A
26155	G	A	CGG_A
9457	A	C	CAT_C
3493	A	G	CAA_G
6921	A	G	AAG_G
12118	A	G	CAA_G
19379	A	G	TAT_G
28017	C	T	TCT_T
2185	C	T	ACG_T
25814	C	T	TCT_T
2312	C	T	TCT_T
25136	C	T	CCG_T
120	T	G	TTT_G
23338	A	G	CAC_G
26809	C	T	CCT_T
23897	C	T	TCA_T
29528	T	C	ATA_C
4439	A	G	TAC_G
5250	G	A	GGT_A
18172	G	A	GGT_A
27108	A	G	CAT_G
26267	G	C	GGT_C
238	A	G	AAA_G
239	T	G	ATC_G
240	A	G	TAA_G
241	T	G	ATC_G
10388	T	C	GTG_C
19435	C	T	GCC_T
4996	A	G	GAT_G
11889	A	G	TAT_G
3467	A	C	AAT_C
4737	G	C	AGC_C
7728	C	A	GCG_A
14162	C	T	TCG_T
15835	G	A	GGC_A
16597	C	T	TCA_T
17836	C	T	ACT_T
1567	C	T	GCT_T
1937	C	T	CCC_T
3692	G	T	GGA_T
6642	C	T	ACA_T
16174	C	T	ACG_T
16690	C	T	GCA_T
22090	C	T	ACG_T
24014	G	T	TGA_T
24242	G	T	TGC_T
25102	C	T	ACA_T
25203	G	A	TGT_A
25292	T	C	CTA_C
25558	C	T	TCT_T
26028	T	C	TTA_C
26168	C	T	CCT_T
26309	C	T	TCT_T
26390	C	T	GCA_T
26457	G	C	AGT_C
26905	C	T	GCT_T
27463	G	T	CGG_T
27930	C	A	TCT_A
1382	C	T	TCA_T
3882	G	A	TGC_A
9740	T	C	ATG_C
11631	C	T	TCT_T
20525	C	T	TCT_T
21739	C	T	ACA_T
21923	C	T	TCC_T
22223	T	C	TTC_C
23837	C	T	ACT_T
24602	C	A	CCC_A
24904	T	C	GTT_C
24992	G	T	GGT_T
26890	T	C	CTC_C
28102	G	T	AGA_T
28632	C	A	CCA_A
22981	A	G	GAG_G
27833	G	T	GGT_T
26267	G	T	GGT_T
15985	G	A	GGT_A
22742	T	C	CTC_C
22886	A	T	CAG_T
3846	T	C	CTG_C
10703	T	C	CTG_C
13181	T	C	ATA_C
13501	C	T	TCT_T
15796	T	A	CTA_A
21782	C	A	TCA_A
22646	T	C	ATA_C
23217	C	A	GCT_A
23837	C	T	ACT_T
24296	C	T	ACC_T
24914	T	C	ATG_C
26161	G	C	AGG_C
28775	C	T	CCC_T
29098	T	C	TTA_C
29657	G	A	AGA_A
24698	T	C	TTT_C
25715	G	T	CGC_T
26665	G	T	TGA_T
26926	T	C	TTT_C
770	C	T	ACC_T
881	C	T	ACT_T
1199	C	T	ACT_T
2281	T	A	TTT_A
2996	G	T	AGA_T
3161	T	C	TTA_C
3542	T	C	ATC_C
3845	C	T	TCT_T
3926	T	C	TTG_C
4196	C	T	ACA_T
4792	A	G	AAA_G
5024	A	G	TAG_G
5025	C	T	ACT_T
5277	G	A	GGT_A
5501	G	T	CGC_T
5568	C	T	TCC_T
5693	A	G	TAG_G
7319	G	T	CGG_T
7370	G	T	AGT_T
7851	A	T	AAT_T
9455	C	T	CCA_T
10353	G	A	TGC_A
10655	C	T	ACC_T
10862	C	T	TCT_T
11000	C	A	CCA_A
11102	C	T	TCT_T
11393	G	C	TGA_C
11447	C	T	TCC_T
11939	A	T	CAC_T
12992	T	A	CTG_A
15034	A	C	AAT_C
15106	A	G	CAT_G
15193	C	T	TCA_T
15856	G	A	AGA_A
16345	T	G	CTC_G
16597	T	C	TTA_C
16636	G	A	AGC_A
16804	C	T	TCT_T
17926	T	C	TTG_C
18454	T	C	CTT_C
19204	G	A	TGA_A
19601	G	T	TGT_T
20130	C	T	CCA_T
21764	T	C	CTA_C
22871	C	T	CCT_T
24383	T	C	TTT_C
24830	C	T	CCT_T
25707	G	C	CGA_C
26683	T	C	ATA_C
27146	A	G	TAC_G
27870	A	T	AAT_T
28018	C	T	CCA_T
28102	G	T	AGA_T
28342	C	T	TCT_T
28632	C	A	CCA_A
28740	C	T	ACT_T
28745	G	T	GGA_T
29098	C	T	TCA_T
29161	C	G	ACT_G
29279	C	T	TCC_T
29657	A	G	AAA_G
1127	T	C	CTC_C
2185	C	T	ACG_T
4715	G	T	CGC_T
7406	G	A	CGC_A
7460	C	T	CCT_T
8159	C	T	ACC_T
9740	T	C	ATG_C
11081	C	T	TCT_T
11631	C	T	TCT_T
17827	A	G	AAA_G
18365	G	T	AGT_T
20522	G	T	GGT_T
21881	A	G	AAT_G
22054	C	A	TCT_A
22250	C	T	TCT_T
10010	C	T	GCT_T
19976	A	G	CAC_G
22354	T	C	ATC_C
2943	C	T	ACT_T
22613	A	G	CAC_G
25860	C	T	ACT_T
26155	G	C	CGG_C
1388	C	T	TCA_T
2006	G	C	CGA_C
2312	C	T	TCT_T
5568	C	T	TCC_T
5972	C	T	GCA_T
6903	G	A	AGT_A
7701	C	T	TCT_T
8015	C	T	GCA_T
9983	A	G	AAC_G
11249	C	T	CCC_T
12644	T	C	CTC_C
14614	T	C	TTC_C
16471	T	A	TTT_A
17926	T	C	TTG_C
18178	C	T	GCT_T
19598	G	T	TGT_T
22871	C	T	CCT_T
25599	C	T	TCA_T
25715	G	T	CGC_T
26327	C	T	TCC_T
26455	C	T	TCG_T
27670	C	T	TCT_T
28232	C	T	ACG_T
8093	A	T	CAT_T
24555	T	G	ATC_G
11631	C	T	TCT_T
3845	C	T	TCT_T
18365	G	T	AGT_T
8390	C	T	GCT_T
11073	T	C	GTC_C
12626	C	T	GCC_T
15847	C	T	TCG_T
16480	C	T	GCT_T
22733	T	G	GTA_G
23653	A	G	CAT_G
25102	C	T	ACA_T
1904	T	C	CTT_C
2224	C	T	ACG_T
2607	C	T	ACT_T
4406	G	T	TGG_T
8502	C	T	TCT_T
9629	G	A	GGC_A
16929	T	C	GTA_C
18727	C	T	TCA_T
19753	G	A	AGG_A
20740	A	G	AAA_G
23112	T	C	CTG_C
23554	G	T	CGG_T
23669	T	G	TTC_G
24956	T	C	CTT_C
26309	C	A	TCT_A
26926	T	C	TTT_C
27058	C	T	TCT_T
27211	A	C	CAT_C
29330	T	C	CTC_C
29464	C	T	GCC_T
196	T	C	TTT_C
9628	G	A	GGC_A
9637	T	A	GTC_A
15308	T	A	CTC_A
15358	G	T	GGA_T
15359	G	T	GGC_T
15363	G	A	AGT_A
15458	G	C	CGA_C
24302	A	C	CAC_C
24303	T	A	ATT_A
29408	T	G	TTA_G
16955	A	T	TAT_T
1127	T	C	CTC_C
2456	C	T	ACT_T
2696	C	T	ACG_T
3219	G	A	AGT_A
3397	T	C	GTC_C
3412	T	C	GTG_C
3431	T	C	CTC_C
3574	C	G	CCA_G
3785	A	G	AAA_G
3882	A	G	TAC_G
4401	G	A	TGC_A
4662	G	A	AGT_A
5782	C	A	GCC_A
6189	C	T	TCA_T
6635	T	G	TTT_G
9740	T	C	ATG_C
1020	C	T	TCA_T
4041	A	G	TAG_G
5568	C	T	TCC_T
21627	T	C	ATC_C
22090	C	T	ACG_T
22742	C	T	CCC_T
22886	T	A	CTG_A
15784	T	C	ATT_C
17926	T	C	TTG_C
18079	C	T	ACT_T
19204	G	A	TGA_A
21764	T	C	CTA_C
1882	C	T	GCG_T
2198	G	A	TGC_A
3872	T	C	ATT_C
4995	A	G	TAG_G
5530	A	G	CAG_G
9410	C	T	TCT_T
10421	C	A	GCC_A
10796	C	T	GCT_T
10980	T	G	GTT_G
18415	C	A	CCG_A
21304	C	T	CCC_T
22459	G	C	AGG_C
23206	T	C	GTT_C
23286	G	A	TGT_A
23291	G	A	CGG_A
24515	G	T	AGA_T
24633	G	T	TGT_T
25295	C	T	ACT_T
25536	G	T	AGG_T
25659	G	T	TGA_T
25903	C	T	ACG_T
26520	A	T	TAT_T
27058	C	T	TCT_T
27211	A	C	CAT_C
28941	G	C	AGT_C
29330	T	C	CTC_C
653	T	A	CTT_A
2185	C	T	ACG_T
3275	G	C	AGC_C
5441	C	T	CCC_T
5954	C	T	TCT_T
9572	C	A	TCA_A
9580	C	A	ACA_A
15326	G	C	AGT_C
15493	T	A	TTA_A
16929	T	C	GTA_C
16955	A	T	TAT_T
18146	A	G	TAC_G
19381	T	G	TTA_G
19568	G	T	AGT_T
21256	T	C	ATT_C
22871	C	T	CCT_T
24860	C	T	ACT_T
25136	C	T	CCG_T
25785	G	A	GGC_A
25787	C	T	TCT_T
25791	C	A	ACG_A
26344	T	C	CTA_C
26821	T	G	ATC_G
27133	A	G	TAC_G
27463	G	T	CGG_T
28008	T	A	TTT_A
28232	C	T	ACG_T
28648	G	T	GGC_T
29291	T	A	ATC_A
29353	T	C	GTC_C
29464	C	T	GCC_T
4388	T	A	TTA_A
15166	G	T	CGC_T
25545	G	T	AGC_T
6784	T	C	GTG_C
11631	C	T	TCT_T
22726	C	T	ACT_T
27059	C	T	CCT_T
5500	C	A	GCC_A
22871	C	T	CCT_T
24860	C	T	ACT_T
517	C	T	ACA_T
1135	A	T	TAT_T
7779	G	A	GGC_A
23279	C	A	TCA_A
24659	C	T	ACG_T
2153	C	T	CCA_T
10031	G	A	TGA_A
19791	A	G	CAA_G
24383	T	C	TTT_C
24698	T	C	TTT_C
25715	G	T	CGC_T
25860	T	C	ATT_C
26155	C	G	CCG_G
26665	G	T	TGA_T
26926	T	C	TTT_C
2794	C	T	ACA_T
5271	C	T	ACC_T
5790	G	A	CGA_A
12962	G	T	GGA_T
14108	A	G	TAA_G
17089	G	T	GGT_T
17647	G	T	TGC_T
19108	G	A	TGC_A
20998	T	C	ATA_C
581	C	T	TCT_T
1169	C	T	CCC_T
2471	C	T	TCA_T
2958	C	T	TCT_T
6437	C	T	ACT_T
6662	A	G	CAA_G
8825	C	T	GCT_T
9245	C	T	CCT_T
11612	C	T	GCA_T
11672	C	T	ACT_T
12680	A	G	CAG_G
13346	C	T	TCG_T
14665	C	T	ACT_T
15646	C	T	ACA_T
15847	C	T	TCG_T
20782	C	T	CCT_T
22357	G	T	CGT_T
22919	T	C	TTC_C
24573	C	T	GCA_T
24893	C	G	ACT_G
25225	C	T	ACA_T
26431	C	T	CCT_T
27730	C	T	TCA_T
29157	G	A	CGC_A
29202	C	T	TCA_T
794	C	T	ACA_T
4283	C	T	GCA_T
14062	T	C	ATA_C
23009	G	C	TGA_C
23997	A	G	TAT_G
3314	G	T	CGT_T
3336	G	A	AGT_A
22055	C	A	CCA_A
25923	T	C	ATT_C
26155	G	C	CGG_C
26665	T	G	TTA_G
29030	G	A	AGT_A
4790	G	A	AGA_A
26172	C	T	TCC_T
26820	A	T	CAC_T
23061	G	A	GGA_A
26767	G	A	GGC_A
5577	G	T	GGT_T
9782	C	T	TCT_T
19908	C	T	GCT_T
1169	C	T	CCC_T
4514	C	T	ACT_T
17926	T	C	TTG_C
18112	T	C	ATA_C
19204	G	A	TGA_A
21764	T	C	CTA_C
22726	C	T	ACT_T
24573	C	T	GCA_T
29157	G	A	CGC_A
29202	C	T	TCA_T
4433	T	C	GTT_C
5025	C	T	ACT_T
5717	C	T	TCG_T
16597	T	C	TTA_C
16834	A	T	TAC_T
1169	T	C	CTC_C
1687	C	A	ACC_A
2864	C	T	GCG_T
4258	C	T	ACG_T
6189	T	C	TTA_C
6635	G	T	TGT_T
6903	G	A	AGT_A
7553	C	T	ACC_T
9570	T	G	ATC_G
10655	C	T	ACC_T
11249	C	T	CCC_T
11436	C	T	TCG_T
11531	C	T	ACC_T
14142	T	C	GTC_C
14162	T	C	TTG_C
14223	C	T	ACG_T
14716	T	G	TTC_G
15151	T	C	CTC_C
18178	C	T	GCT_T
18799	A	G	GAC_G
20180	C	A	CCT_A
20344	A	G	AAG_G
21531	G	A	TGT_A
22088	A	T	CAC_T
22181	T	C	CTA_C
22372	A	G	GAA_G
23831	G	T	AGA_T
26884	A	G	CAT_G
28089	C	T	TCC_T
28410	C	T	ACG_T
28543	T	C	TTA_C
28865	C	T	TCA_T
29157	A	G	CAC_G
29202	T	C	TTA_C
29366	T	C	GTT_C
29657	A	G	AAA_G
2471	C	T	TCA_T
2794	C	T	ACA_T
6437	C	T	ACT_T
6662	A	G	CAA_G
9245	C	T	CCT_T
11612	C	T	GCA_T
11672	C	T	ACT_T
12962	G	T	GGA_T
14108	A	G	TAA_G
14512	T	C	CTT_C
17077	T	C	ATT_C
17101	C	T	ACA_T
18959	G	T	TGT_T
17098	T	C	TTA_C
17956	G	T	AGC_T
20302	C	T	GCG_T
22357	G	T	CGT_T
24164	T	C	CTG_C
24472	G	A	GGG_A
25373	G	T	GGT_T
25565	G	T	AGG_T
25789	T	C	CTC_C
25935	C	T	CCC_T
26346	A	T	TAG_T
1511	A	G	AAG_G
4235	T	A	TTA_A
13177	C	T	GCG_T
21713	C	T	TCA_T
21764	C	T	CCA_T
22726	T	C	ATT_C
22865	A	G	AAA_G
22958	C	T	ACA_T
23049	T	C	ATC_C
23066	C	T	ACG_T
23688	C	T	TCC_T
24019	G	A	AGT_A
25194	C	T	ACT_T
25722	C	T	TCG_T
25747	A	C	CAT_C
26118	C	G	CCT_G
27148	C	T	TCT_T
28293	C	T	ACT_T
4996	A	G	GAT_G
7553	C	T	ACC_T
7973	T	C	ATC_C
16585	A	G	CAC_G
1274	C	T	ACC_T
1419	C	A	TCT_A
2471	C	T	TCA_T
2794	C	T	ACA_T
5701	C	T	TCT_T
6174	A	G	TAA_G
6518	C	T	CCG_T
14722	C	T	TCA_T
20056	C	T	TCG_T
21944	C	T	GCT_T
25364	C	T	TCT_T
25731	C	T	TCA_T
25791	C	T	ACG_T
26242	T	G	TTT_G
28464	G	A	GGG_A
28703	G	T	GGT_T
29666	A	G	AAA_G
255	G	A	GGG_A
504	C	T	GCG_T
1982	C	T	CCT_T
2282	C	T	TCT_T
2301	T	C	ATG_C
3481	C	A	CCT_A
3484	C	T	TCG_T
3673	A	T	CAG_T
3692	G	T	GGA_T
5525	C	T	TCT_T
11102	C	T	TCT_T
11438	G	T	TGT_T
14211	A	T	GAT_T
14356	A	G	TAT_G
14695	C	T	TCT_T
17563	G	T	TGG_T
17713	C	A	CCA_A
18130	T	C	TTA_C
20522	G	T	GGT_T
24431	G	T	AGA_T
24927	G	T	TGA_T
24965	C	T	GCA_T
28185	C	T	TCA_T
28781	G	A	CGA_A
504	C	T	GCG_T
6518	C	T	CCG_T
11249	C	T	CCC_T
14974	C	T	ACA_T
15691	T	C	ATA_C
17095	G	T	CGT_T
288	G	A	CGG_A
1500	T	C	TTC_C
6059	C	T	ACA_T
9395	A	G	CAT_G
13846	C	T	TCT_T
18130	T	C	TTA_C
25785	G	A	GGC_A
25787	C	T	TCT_T
17926	C	T	TCG_T
18112	C	T	ACA_T
19204	A	G	TAA_G
22726	T	C	ATT_C
17647	G	T	TGC_T
19108	G	A	TGC_A
22919	T	C	TTC_C
10239	G	C	CGT_C
11631	C	T	TCT_T
13253	T	C	GTT_C
20782	C	T	CCT_T
20998	T	C	ATA_C
21764	C	T	CCA_T
23969	C	T	CCA_T
28781	G	A	CGA_A
1628	T	C	TTT_C
4909	A	G	GAG_G
5497	C	T	ACG_T
6059	C	T	ACA_T
9290	C	T	GCC_T
12449	T	A	TTG_A
12962	G	T	GGA_T
14108	A	G	TAA_G
14974	T	C	ATA_C
15691	C	T	ACA_T
16537	T	C	CTC_C
17089	G	T	GGT_T
17095	T	G	CTT_G
17605	G	T	AGT_T
18052	C	T	GCT_T
20017	T	G	TTT_G
20092	C	T	TCA_T
20692	C	T	ACA_T
20725	C	A	ACT_A
20874	C	T	ACG_T
22347	C	T	TCC_T
23997	A	G	TAT_G
24515	G	T	AGA_T
24548	G	A	AGC_A
24573	T	C	GTA_C
25145	C	T	ACT_T
25493	G	A	AGC_A
25960	G	C	TGC_C
26489	A	T	CAA_T
27005	C	T	GCA_T
18145	T	C	ATT_C
18365	G	T	AGT_T
20911	C	T	TCT_T
21531	G	C	TGT_C
21764	C	T	CCA_T
22206	T	C	TTA_C
22220	C	T	GCT_T
460	C	T	GCA_T
1628	T	C	TTT_C
2864	C	T	GCG_T
6059	C	T	ACA_T
10862	C	T	TCT_T
11631	C	T	TCT_T
12172	A	G	AAG_G
12449	T	A	TTG_A
12962	G	T	GGA_T
13846	C	T	TCT_T
15787	C	T	TCT_T
16564	T	C	ATA_C
19407	T	C	GTT_C
23012	C	T	ACC_T
23044	T	C	GTC_C
24195	C	A	GCG_A
29742	A	G	CAT_G
16477	C	T	TCG_T
27553	T	C	ATC_C
28069	G	C	TGT_C
4301	T	C	CTT_C
7067	T	C	ATC_C
1382	T	C	TTA_C
5418	C	T	TCT_T
17095	T	G	CTT_G
26744	G	T	GGC_T
29464	C	T	GCC_T
914	C	T	CCA_T
2035	C	G	ACC_G
4561	A	G	GAC_G
5380	C	T	GCC_T
6056	C	T	TCA_T
6614	T	G	GTT_G
9257	C	T	ACA_T
14608	T	A	CTC_A
14860	T	C	ATA_C
15331	T	G	GTA_G
15334	A	C	AAA_C
15607	C	T	ACG_T
19514	C	T	CCT_T
20578	T	C	TTA_C
22256	A	T	CAC_T
22421	T	C	CTT_C
22726	C	T	ACT_T
23696	T	C	CTG_C
24481	A	T	CAA_T
24573	T	C	GTA_C
26531	A	T	CAA_T
29440	G	C	CGT_C
29737	G	T	AGA_T
4042	A	G	AAA_G
4451	G	A	AGA_A
6281	C	T	TCT_T
6572	G	C	GGA_C
9335	C	T	TCA_T
11249	T	C	CTC_C
11612	C	T	GCA_T
11672	C	T	ACT_T
11837	C	T	GCC_T
12680	A	G	CAG_G
12962	G	T	GGA_T
13223	T	C	GTC_C
13346	C	T	TCG_T
14108	A	G	TAA_G
14665	C	T	ACT_T
14974	T	C	ATA_C
15646	C	T	ACA_T
15691	C	T	ACA_T
15847	C	T	TCG_T
16929	T	C	GTA_C
17567	G	T	CGT_T
17647	G	T	TGC_T
18145	C	T	ACT_T
18187	C	T	TCA_T
18365	T	G	ATT_G
19108	G	A	TGC_A
19395	T	G	CTA_G
19396	A	T	TAA_T
20782	C	T	CCT_T
20911	T	C	TTT_C
21150	T	C	CTA_C
22026	T	C	CTT_C
22831	G	C	AGT_C
23942	C	T	CCA_T
24296	C	T	ACC_T
25082	G	T	TGC_T
25785	G	A	GGC_A
25787	C	T	TCT_T
26893	T	C	CTC_C
27073	C	T	ACT_T
27493	C	T	CCC_T
27730	C	T	TCA_T
28585	C	T	CCC_T
24573	T	C	GTA_C
26109	C	T	ACG_T
26683	T	C	ATA_C
27442	C	T	CCC_T
3971	T	G	CTC_G
7565	G	A	TGG_A
8876	C	T	TCT_T
15352	T	C	CTC_C
23012	C	T	ACC_T
26101	A	G	AAC_G
4058	C	T	TCT_T
6152	C	T	TCC_T
6743	C	T	GCC_T
8550	C	T	TCT_T
10327	C	T	GCT_T
10640	A	G	TAT_G
11229	G	T	AGT_T
16956	C	T	ACG_T
5060	T	C	TTA_C
13955	G	T	TGA_T
22952	T	C	ATT_C
29110	C	T	TCT_T
22366	A	G	CAA_G
